-- Insertar roles
INSERT INTO rol (id, nombre) VALUES
(1, 'Cliente'),
(2, 'Empleado'),
(3, 'Admin');

-- Insertar categorías
INSERT INTO categoria (id, precio, nombre) VALUES
(1, 28800, 'Apto discapacitados'),
(2, 34500, 'Chico'),
(3, 31800, 'Deportivo'),
(4, 39700, 'Mediano'),
(5, 35300, 'SUV'),
(6, 39600, 'Van');

-- Insertar estados de alquiler
INSERT INTO estado_alquiler (id, nombre) VALUES
(1, 'Confirmada'),
(2, 'Cancelada'),
(3, 'Finalizada');

-- Insertar estados de vehículo
INSERT INTO estado_vehiculo (id, nombre) VALUES
(1, 'Disponible'),
(2, 'Reservado'),
(3, 'Alquilado'),
(4, 'Fuera de Servicio');

-- Insertar localidades
INSERT INTO localidad (id, nombre) VALUES
(1, 'Azul'),
(2, 'Bahía Blanca'),
(3, 'Balcarce'),
(4, 'Campana'),
(5, 'Chivilcoy'),
(6, 'Junín'),
(7, 'La Plata'),
(8, 'Luján'),
(9, 'Mar del Plata'),
(10, 'Mercedes'),
(11, 'Necochea'),
(12, 'Olavarría'),
(13, 'Pergamino'),
(14, 'Pinamar'),
(15, 'San Nicolás'),
(16, 'San Pedro'),
(17, 'Tandil'),
(18, 'Tres Arroyos'),
(19, 'Villa Gesell'),
(20, 'Zárate');

-- Insertar marcas
INSERT INTO marca (id, nombre) VALUES
(1, 'Chevrolet'),
(2, 'Fiat'),
(3, 'Ford'),
(4, 'Honda'),
(5, 'Peugeot'),
(6, 'Renault'),
(7, 'Toyota'),
(8, 'Volkswagen');

-- Insertar modelos
INSERT INTO modelo (id, nombre) VALUES
(1, '2008'),
(2, '208'),
(3, '308'),
(4, 'Amarok'),
(5, 'Civic'),
(6, 'Corolla'),
(7, 'Cronos'),
(8, 'Cruze'),
(9, 'Duster'),
(10, 'EcoSport'),
(11, 'Etios'),
(12, 'Fiorino'),
(13, 'Fit'),
(14, 'Focus'),
(15, 'Gol'),
(16, 'HR-V'),
(17, 'Hilux'),
(18, 'Ka'),
(19, 'Kangoo'),
(20, 'Kwid'),
(21, 'Mobi'),
(22, 'Onix'),
(23, 'Partner'),
(24, 'Ranger'),
(25, 'Sandero'),
(26, 'Spin'),
(27, 'T-Cross'),
(28, 'Toro'),
(29, 'Tracker'),
(30, 'Virtus');

-- Insertar puestos
INSERT INTO puesto (id, nombre) VALUES
(1, 'Agente de Alquiler'),
(2, 'Supervisor de Sucursal'),
(3, 'Chofer de Traslado'),
(4, 'Lavador de Autos'),
(5, 'Mantenimiento'),
(6, 'Mecánico'),
(7, 'Inspector de Vehículos'),
(8, 'Encargado de Reclamos'),
(9, 'Contador'),
(10, 'Recursos Humanos'),
(11, 'Marketing'),
(12, 'Gerente de Flota');

-- Insertar políticas de cancelación
INSERT INTO politica_de_cancelacion (id, porcentaje, descripcion, nombre) VALUES
(1, 100.0, 'Reembolso completo si se cancela con anticipación', '100% de devolución'),
(2, 20.0, 'Reembolso parcial, se retiene el 80%', '20% de devolución'),
(3, 0.0, 'No hay reembolso en esta política', 'Sin devolución');

-- Insertar sucursales
INSERT INTO sucursal (id, nombre, telefono, direccion, ID_Localidad) VALUES
( 1, 'Sucursal Azul', '0001-4123401', 'Calle Falsa 101', 1),
( 2, 'Sucursal Bahía Blanca', '0002-4123402', 'Calle Falsa 102', 2),
( 3, 'Sucursal Balcarce', '0003-4123403', 'Calle Falsa 103', 3),
( 4, 'Sucursal Campana', '0004-4123404', 'Calle Falsa 104', 4),
( 5, 'Sucursal Chivilcoy', '0005-4123405', 'Calle Falsa 105', 5),
( 6, 'Sucursal Junín', '0006-4123406', 'Calle Falsa 106', 6),
( 7, 'Sucursal La Plata', '0007-4123407', 'Calle Falsa 107', 7),
( 8, 'Sucursal Luján', '0008-4123408', 'Calle Falsa 108', 8),
( 9, 'Sucursal Mar del Plata', '0009-4123409', 'Calle Falsa 109', 9),
(10, 'Sucursal Mercedes', '0010-4123410', 'Calle Falsa 110', 10),
(11, 'Sucursal Necochea', '0011-4123411', 'Calle Falsa 111', 11),
(12, 'Sucursal Olavarría', '0012-4123412', 'Calle Falsa 112', 12),
(13, 'Sucursal Pergamino', '0013-4123413', 'Calle Falsa 113', 13),
(14, 'Sucursal Pinamar', '0014-4123414', 'Calle Falsa 114', 14),
(15, 'Sucursal San Nicolás', '0015-4123415', 'Calle Falsa 115', 15),
(16, 'Sucursal San Pedro', '0016-4123416', 'Calle Falsa 116', 16),
(17, 'Sucursal Tandil', '0017-4123417', 'Calle Falsa 117', 17),
(18, 'Sucursal Tres Arroyos', '0018-4123418', 'Calle Falsa 118', 18),
(19, 'Sucursal Villa Gesell', '0019-4123419', 'Calle Falsa 119', 19),
(20, 'Sucursal Zárate', '0020-4123420', 'Calle Falsa 120', 20);

-- Insertar usuarios administradores
INSERT INTO usuario (id, password, last_login, is_superuser, username, is_staff, is_active, date_joined, email, apellido, nombre, telefono, fecha_nacimiento, localidad_id, puesto, is_locked, last_login_attempt, login_attempts, admin_code_attempts, last_admin_code_attempt, rol_id) VALUES
(1,'pbkdf2_sha256$1000000$fUojEFfMIWLECy0ZI4BkZQ$/iLZwyGjTM63inU+fJYoAjnMTiPKo7xhH3UlWOiW3Qw=',NULL,0,'admin1@admin.com',0,1,'2025-05-27 23:37:09.764813','admin1@admin.com','Mario','admin1','1234567890','1990-01-01',NULL,NULL,0,NULL,0,0,NULL,3),
(2,'pbkdf2_sha256$1000000$UxmxRUK6skmABWvs8PFeiP$5mm+QofQ9g0O8JorrxunclY/zeJc4ApdoDqCuoCNkyk=',NULL,0,'admin2@admin.com',0,1,'2025-05-27 23:38:56.046102','admin2@admin.com','Maria','admin2','1234567890','1990-01-01',NULL,NULL,0,NULL,0,0,NULL,3);

-- Insertar vehículos
INSERT INTO vehiculo (patente, capacidad, año_fabricacion, ID_Cate, ID_EstVehi, ID_Marca, ID_Politica, ID_Sucursal, ID_Modelo) VALUES
('AB444BI', 5, 2019, 4, 1, 2, 2, 11, 21),
('AC753CF', 5, 2019, 6, 1, 4, 2, 19, 13),
('AF972DO', 5, 2018, 2, 1, 7, 3, 20, 17),
('AB490AM', 5, 2018, 4, 1, 1, 2, 16, 8),
('AG558BH', 5, 2016, 2, 1, 6, 1, 14, 19),
('AB833BD', 5, 2016, 6, 1, 4, 1, 2, 13),
('AD783VH', 5, 2016, 2, 1, 7, 2, 16, 17),
('AB807GM', 5, 2015, 6, 1, 4, 2, 4, 16),
('AE313SH', 5, 2017, 2, 1, 4, 3, 5, 5),
('AA905FR', 5, 2017, 6, 1, 4, 3, 20, 13),
('AF687AB', 5, 2017, 5, 1, 5, 1, 12, 1),
('AG755FV', 5, 2020, 2, 1, 3, 3, 5, 18),
('AB315SI', 5, 2016, 3, 1, 2, 3, 17, 7),
('AD347GV', 5, 2023, 2, 1, 4, 3, 14, 5),
('AD461DR', 5, 2015, 2, 1, 4, 2, 3, 5),
('AF128RB', 5, 2018, 3, 1, 3, 2, 8, 10),
('AA866NM', 5, 2015, 6, 1, 4, 3, 12, 16),
('AF542KX', 2, 2019, 4, 1, 2, 2, 9, 12),
('AD558KF', 5, 2019, 5, 1, 5, 2, 8, 23),
('AD212DG', 5, 2016, 4, 1, 8, 2, 5, 30),
('AG964QF', 5, 2021, 4, 1, 8, 1, 13, 30),
('AE480DV', 5, 2021, 5, 1, 6, 2, 16, 9),
('AB258VP', 5, 2015, 2, 1, 3, 1, 17, 18),
('AB271JJ', 5, 2018, 2, 1, 8, 1, 18, 4),
('AE479PJ', 5, 2016, 3, 1, 7, 2, 2, 6),
('AC914WH', 5, 2022, 2, 1, 1, 3, 10, 29),
('AG694PM', 5, 2018, 5, 1, 5, 1, 6, 23),
('AC935IE', 5, 2018, 2, 1, 8, 3, 19, 4),
('AF941IE', 5, 2016, 2, 1, 7, 3, 11, 17),
('AE653CK', 5, 2016, 5, 1, 5, 3, 9, 23),
('AB898XM', 5, 2016, 2, 1, 7, 1, 1, 17),
('AA169YM', 5, 2019, 3, 1, 3, 2, 4, 10),
('AB828SN', 5, 2018, 2, 1, 8, 1, 13, 4),
('AF185FA', 5, 2017, 6, 1, 5, 1, 18, 3),
('AF754EV', 5, 2018, 3, 1, 8, 2, 19, 27),
('AA400RQ', 5, 2021, 2, 1, 6, 1, 9, 20),
('AE761WP', 5, 2021, 2, 1, 3, 2, 8, 18),
('AE683IK', 5, 2021, 2, 1, 8, 3, 9, 4),
('AF717MZ', 5, 2022, 1, 1, 3, 3, 19, 24),
('AF501GH', 5, 2023, 2, 1, 4, 3, 11, 5),
('AE821PJ', 5, 2022, 2, 1, 1, 3, 18, 29),
('AB576XX', 5, 2022, 2, 1, 7, 1, 13, 17),
('AE853IP', 5, 2016, 2, 1, 4, 1, 14, 5),
('AC596HC', 5, 2019, 5, 1, 5, 3, 17, 23),
('AA305ZK', 7, 2022, 1, 1, 1, 3, 20, 26),
('AD441KX', 5, 2015, 4, 1, 1, 1, 15, 8),
('AE482EQ', 5, 2021, 3, 1, 2, 2, 20, 7),
('AE369NM', 5, 2017, 3, 1, 3, 2, 2, 10),
('AC663SU', 5, 2015, 6, 1, 5, 1, 5, 3),
('AE729RV', 5, 2018, 6, 1, 4, 1, 19, 16),
('AD570UL', 5, 2017, 4, 1, 7, 1, 16, 11),
('AG392TF', 5, 2022, 5, 1, 5, 2, 15, 2),
('AC496LJ', 5, 2021, 6, 1, 5, 1, 2, 3),
('AG966IY', 5, 2021, 4, 1, 3, 3, 19, 14),
('AD430TO', 5, 2021, 4, 1, 7, 2, 1, 11),
('AC638WD', 5, 2022, 3, 1, 8, 1, 18, 27),
('AE698GA', 5, 2021, 6, 1, 4, 2, 3, 16),
('AF194AV', 5, 2021, 2, 1, 8, 1, 11, 4),
('AD282HI', 5, 2022, 2, 1, 4, 1, 5, 5),
('AD381KQ', 5, 2021, 2, 1, 6, 1, 8, 19),
('AC245NA', 5, 2018, 2, 1, 8, 1, 16, 4),
('AF646WE', 5, 2017, 2, 1, 6, 2, 3, 25),
('AC733UD', 2, 2020, 4, 1, 2, 1, 9, 12),
('AE547YJ', 5, 2021, 6, 1, 4, 1, 13, 13),
('AA631ZO', 5, 2019, 5, 1, 5, 2, 16, 2),
('AA101QJ', 5, 2023, 6, 1, 8, 3, 2, 15),
('AF770TZ', 5, 2022, 3, 1, 7, 1, 14, 6),
('AE410NA', 5, 2018, 6, 1, 4, 2, 9, 16),
('AE619HG', 5, 2015, 2, 1, 6, 3, 10, 20),
('AE734BS', 5, 2015, 3, 1, 8, 3, 5, 27),
('AB585PL', 5, 2022, 2, 1, 8, 2, 5, 4),
('AD547YS', 5, 2023, 4, 1, 2, 2, 6, 21),
('AD266XK', 5, 2017, 4, 1, 3, 2, 2, 14),
('AA863YU', 5, 2015, 5, 1, 5, 2, 17, 23),
('AD611RZ', 5, 2016, 4, 1, 7, 1, 1, 11),
('AB953UA', 5, 2023, 2, 1, 7, 2, 10, 17),
('AB529QN', 5, 2019, 4, 1, 3, 3, 18, 14),
('AD256DV', 5, 2022, 5, 1, 5, 2, 13, 1),
('AB982SX', 5, 2017, 2, 1, 4, 2, 14, 5),
('AC147RP', 5, 2015, 5, 1, 5, 3, 18, 2),
('AC309XK', 5, 2015, 1, 1, 1, 3, 4, 22),
('AG186BT', 2, 2018, 4, 1, 2, 2, 8, 12),
('AB538JO', 2, 2015, 4, 1, 2, 3, 14, 12),
('AD663XQ', 5, 2020, 3, 1, 2, 2, 1, 7),
('AD654UF', 5, 2019, 2, 1, 6, 3, 20, 25),
('AG648EX', 5, 2018, 4, 1, 1, 3, 7, 8),
('AF867NH', 5, 2019, 3, 1, 7, 3, 10, 6),
('AD813UH', 5, 2015, 3, 1, 7, 3, 14, 6),
('AF978OE', 5, 2016, 1, 1, 3, 1, 15, 24),
('AF637OO', 5, 2018, 4, 1, 3, 2, 4, 14),
('AB922NQ', 5, 2023, 3, 1, 3, 1, 1, 10),
('AB846WC', 2, 2019, 4, 1, 2, 1, 12, 12),
('AD619WJ', 5, 2021, 3, 1, 8, 1, 15, 27),
('AD449XS', 5, 2019, 5, 1, 5, 2, 16, 2),
('AG125SQ', 7, 2021, 1, 1, 1, 1, 14, 26),
('AF741PA', 5, 2019, 2, 1, 1, 2, 4, 29),
('AB840OW', 5, 2020, 2, 1, 6, 3, 12, 25),
('AD114SE', 5, 2016, 2, 1, 2, 2, 4, 28),
('AE479OS', 5, 2017, 2, 1, 6, 1, 2, 20),
('AE747RQ', 5, 2015, 2, 1, 3, 3, 11, 18),
('AD812ZX', 5, 2017, 2, 1, 6, 1, 6, 25),
('AA173UX', 5, 2016, 4, 1, 7, 1, 10, 11),
('AF285CW', 2, 2018, 4, 1, 2, 3, 5, 12),
('AA756PQ', 5, 2018, 2, 1, 7, 3, 11, 17),
('AD884JO', 5, 2017, 2, 1, 8, 3, 13, 4),
('AC419CZ', 5, 2018, 6, 1, 5, 3, 18, 3),
('AB346EK', 5, 2017, 5, 1, 5, 3, 3, 1),
('AC246NB', 5, 2015, 3, 1, 3, 3, 7, 10),
('AA525BP', 2, 2019, 4, 1, 2, 3, 15, 12),
('AD170GK', 5, 2016, 2, 1, 4, 2, 19, 5),
('AG260SM', 5, 2022, 3, 1, 3, 3, 5, 10),
('AB204LY', 5, 2015, 3, 1, 3, 3, 16, 10),
('AG639CJ', 5, 2018, 4, 1, 8, 1, 1, 30),
('AF341DX', 5, 2023, 6, 1, 4, 2, 9, 16),
('AA900BN', 5, 2023, 1, 1, 1, 1, 20, 22),
('AE123CT', 5, 2020, 4, 1, 1, 3, 14, 8),
('AD994LT', 2, 2020, 4, 1, 2, 3, 1, 12),
('AF788VA', 5, 2023, 3, 1, 7, 1, 10, 6),
('AA439IM', 5, 2021, 2, 1, 6, 2, 8, 20),
('AC949MS', 5, 2017, 4, 1, 7, 3, 14, 11),
('AE568ZI', 5, 2018, 6, 1, 4, 2, 18, 16),
('AA960CA', 7, 2023, 1, 1, 1, 3, 20, 26),
('AD948MN', 7, 2018, 1, 1, 1, 3, 13, 26),
('AG345OT', 5, 2020, 5, 1, 5, 1, 13, 23),
('AC778DU', 5, 2015, 2, 1, 2, 1, 20, 28),
('AE694FM', 5, 2015, 4, 1, 2, 2, 10, 21),
('AE430DM', 5, 2019, 4, 1, 7, 2, 13, 11),
('AA835NK', 5, 2021, 6, 1, 4, 3, 4, 16),
('AA619TF', 5, 2015, 2, 1, 2, 3, 7, 28),
('AA117ZY', 5, 2019, 4, 1, 2, 3, 13, 21),
('AB757ZT', 5, 2018, 6, 1, 5, 2, 7, 3),
('AE686SD', 5, 2019, 1, 1, 3, 3, 19, 24),
('AE368OB', 5, 2015, 3, 1, 8, 1, 12, 27),
('AB651DS', 5, 2017, 6, 1, 5, 3, 6, 3),
('AD718RG', 5, 2019, 3, 1, 2, 2, 3, 7),
('AB178IO', 5, 2016, 3, 1, 7, 3, 4, 6),
('AC376NL', 5, 2022, 2, 1, 4, 3, 3, 5),
('AF608CB', 5, 2015, 5, 1, 5, 3, 1, 2),
('AD564UV', 5, 2017, 2, 1, 1, 2, 18, 29),
('AA509HE', 5, 2015, 1, 1, 3, 1, 5, 24),
('AG787TA', 5, 2020, 5, 1, 6, 1, 2, 9),
('AD745CL', 5, 2022, 6, 1, 4, 2, 17, 13),
('AG156PJ', 5, 2017, 6, 1, 4, 3, 9, 13),
('AC585VW', 5, 2023, 2, 1, 6, 1, 17, 25),
('AF514RZ', 5, 2019, 6, 1, 4, 3, 12, 16),
('AB879ZF', 5, 2023, 2, 1, 3, 1, 17, 18),
('AE742OI', 5, 2015, 3, 1, 3, 2, 4, 10),
('AE881AL', 5, 2023, 2, 1, 8, 2, 11, 4),
('AG926EV', 5, 2021, 5, 1, 5, 2, 19, 2),
('AC226VV', 5, 2018, 4, 1, 2, 3, 11, 21); 